{
  "overall_accuracy": 0.5454545454545454,
  "best_val_accuracy": 54.54545454545455,
  "per_class_metrics": {
    "Has_PL": {
      "precision": 0.5475113122171946,
      "recall": 0.9236641221374046,
      "f1_score": 0.6875,
      "support": 131
    },
    "No_PL": {
      "precision": 0.5238095238095238,
      "recall": 0.10091743119266056,
      "f1_score": 0.16923076923076924,
      "support": 109
    },
    "NotSure": {
      "precision": 0.0,
      "recall": 0.0,
      "f1_score": 0.0,
      "support": 2
    }
  },
  "classification_report": {
    "Has_PL": {
      "precision": 0.5475113122171946,
      "recall": 0.9236641221374046,
      "f1-score": 0.6875,
      "support": 131.0
    },
    "No_PL": {
      "precision": 0.5238095238095238,
      "recall": 0.10091743119266056,
      "f1-score": 0.16923076923076924,
      "support": 109.0
    },
    "NotSure": {
      "precision": 0.0,
      "recall": 0.0,
      "f1-score": 0.0,
      "support": 2.0
    },
    "accuracy": 0.5454545454545454,
    "macro avg": {
      "precision": 0.3571069453422395,
      "recall": 0.341527184443355,
      "f1-score": 0.2855769230769231,
      "support": 242.0
    },
    "weighted avg": {
      "precision": 0.5323108264284735,
      "recall": 0.5454545454545454,
      "f1-score": 0.4483828671328671,
      "support": 242.0
    }
  },
  "confusion_matrix": [
    [
      121,
      10,
      0
    ],
    [
      98,
      11,
      0
    ],
    [
      2,
      0,
      0
    ]
  ],
  "training_history": [
    {
      "epoch": 1,
      "train_loss": 0.7495486005660026,
      "train_acc": 58.47107438016529,
      "val_loss": 0.7849117964506149,
      "val_acc": 54.54545454545455
    }
  ],
  "model_info": {
    "model": "mobilenet_v3_small",
    "num_classes": 3,
    "classes": [
      "Has_PL",
      "No_PL",
      "NotSure"
    ],
    "train_samples": 968,
    "val_samples": 242,
    "input_channels": 2
  }
}