{
  "overall_accuracy": 0.5495867768595041,
  "best_val_accuracy": 54.95867768595041,
  "per_class_metrics": {
    "Has_PL": {
      "precision": 0.5458333333333333,
      "recall": 1.0,
      "f1_score": 0.706199460916442,
      "support": 131
    },
    "No_PL": {
      "precision": 1.0,
      "recall": 0.01834862385321101,
      "f1_score": 0.036036036036036036,
      "support": 109
    },
    "NotSure": {
      "precision": 0.0,
      "recall": 0.0,
      "f1_score": 0.0,
      "support": 2
    }
  },
  "classification_report": {
    "Has_PL": {
      "precision": 0.5458333333333333,
      "recall": 1.0,
      "f1-score": 0.706199460916442,
      "support": 131.0
    },
    "No_PL": {
      "precision": 1.0,
      "recall": 0.01834862385321101,
      "f1-score": 0.036036036036036036,
      "support": 109.0
    },
    "NotSure": {
      "precision": 0.0,
      "recall": 0.0,
      "f1-score": 0.0,
      "support": 2.0
    },
    "accuracy": 0.5495867768595041,
    "macro avg": {
      "precision": 0.5152777777777778,
      "recall": 0.33944954128440363,
      "f1-score": 0.24741183231749267,
      "support": 242.0
    },
    "weighted avg": {
      "precision": 0.7458849862258953,
      "recall": 0.5495867768595041,
      "f1-score": 0.39851263350405713,
      "support": 242.0
    }
  },
  "confusion_matrix": [
    [
      131,
      0,
      0
    ],
    [
      107,
      2,
      0
    ],
    [
      2,
      0,
      0
    ]
  ],
  "training_history": [
    {
      "epoch": 1,
      "train_loss": 0.7634226660574636,
      "train_acc": 56.50826446280992,
      "val_loss": 0.8231536224484444,
      "val_acc": 54.95867768595041
    }
  ],
  "model_info": {
    "model": "mobilenet_v3_small",
    "num_classes": 3,
    "classes": [
      "Has_PL",
      "No_PL",
      "NotSure"
    ],
    "train_samples": 968,
    "val_samples": 242
  }
}